ID;USUARIO;NOME;SOBRENOME;EMAIL;SENHA
1;jorgin;jorge;silva;jorginsilva@gmail.com;jorge123
2;lukita;lucas;santos;lukitasantos@gmail.com;lucas123
3;gabrias;gabriel;ferreira;gabriasferreira@gmail.com;gabriel123
4;teeh;estefane;barros;teehbarros@hotmail.com;estefane123
5;yassm;yasmin;pereira;yassmpereira@hotmail.com;yasmin123
6;geovas;geovanna;cabral;geovascabral@gmail.com;geovanna123
7;natt;natan;bittencourt;nattbittencourt@gmail.com;natan123
8;heltin;helton;alves;heltinalves@gmail.com;helton123
9;biih;bianca;souza;biihsouza@hotmail.com;bianca123
10;leeooo;leandro;batista;leeooobatista@gmail.com;leandro123
11;niick;nicole;mendes;niickmendes@gmail.com;nicole123
12;dudaa;maria eduarda;nunes;dudaanunes@gmail.com;maria eduarda123
13;renanzi;renan;chaves;renanzichaves@gmail.com;renan123
14;carolll;caroline;matos;carolllmatos@hotmail.com;caroline123
